{"Top Layer training": {"loss": [5.002627372741699, 1.9681751728057861, 1.0871655941009521, 0.7043655514717102, 0.48910385370254517], "accuracy": [0.0882352963089943, 0.5098039507865906, 0.7372549176216125, 0.8294117450714111, 0.8950980305671692], "val_loss": [2.8952596187591553, 1.8362549543380737, 1.4295369386672974, 1.214163899421692, 1.0679634809494019], "val_accuracy": [0.2960784435272217, 0.5196078419685364, 0.6313725709915161, 0.6950980424880981, 0.7245097756385803]}, "Full training": {"loss": [0.280927836894989, 0.19812269508838654, 0.16012097895145416, 0.12362433224916458, 0.11609720438718796, 0.10041626542806625, 0.09214245527982712, 0.08189033716917038, 0.05158339813351631, 0.08066095411777496], "accuracy": [0.9372549057006836, 0.95686274766922, 0.9627450704574585, 0.9754902124404907, 0.9725490212440491, 0.9813725352287292, 0.9843137264251709, 0.9892156720161438, 0.9960784316062927, 0.9813725352287292], "val_loss": [0.9476549625396729, 0.9168091416358948, 0.8732057809829712, 0.9188159704208374, 0.8934288024902344, 0.8732768297195435, 0.8335545659065247, 0.8287065029144287, 0.8591794371604919, 0.8081338405609131], "val_accuracy": [0.7401960492134094, 0.75, 0.7627450823783875, 0.7656862735748291, 0.7539215683937073, 0.772549033164978, 0.7784313559532166, 0.7784313559532166, 0.772549033164978, 0.779411792755127]}}