{"Top Layer training": {"loss": [6.421358108520508, 3.896393299102783, 2.5831892490386963, 1.8659703731536865, 1.3810515403747559], "accuracy": [0.0235294122248888, 0.1411764770746231, 0.3588235378265381, 0.5323529243469238, 0.658823549747467], "val_loss": [4.429165363311768, 2.8560078144073486, 2.129565954208374, 1.6962263584136963, 1.512596607208252], "val_accuracy": [0.0784313753247261, 0.30490195751190186, 0.4735293984413147, 0.5843137502670288, 0.6186274290084839]}, "Full training": {"loss": [1.1098811626434326, 0.9917510747909546, 0.9087041616439819, 0.8970739245414734, 0.8515436053276062, 0.7999997138977051, 0.7763257622718811, 0.7847614884376526, 0.7298261523246765, 0.7354704141616821], "accuracy": [0.7098039388656616, 0.729411780834198, 0.7539215683937073, 0.7647058963775635, 0.7696078419685364, 0.7686274647712708, 0.7774509787559509, 0.7990196347236633, 0.8029412031173706, 0.7990196347236633], "val_loss": [1.421904444694519, 1.3524436950683594, 1.3005613088607788, 1.2599719762802124, 1.230850100517273, 1.1996278762817383, 1.1783850193023682, 1.156951904296875, 1.140690803527832, 1.1258317232131958], "val_accuracy": [0.6411764621734619, 0.6549019813537598, 0.6637254953384399, 0.6696078181266785, 0.6813725233078003, 0.6852940917015076, 0.6901960968971252, 0.7009803652763367, 0.7019608020782471, 0.7117646932601929]}}