{"Top Layer training": {"loss": [5.671351432800293, 2.5245821475982666, 1.3252575397491455, 0.8157393932342529, 0.5606347322463989], "accuracy": [0.05980392172932625, 0.3686274588108063, 0.658823549747467, 0.7960784435272217, 0.8627451062202454], "val_loss": [3.277585744857788, 2.014389991760254, 1.4240692853927612, 1.1826616525650024, 1.0393418073654175], "val_accuracy": [0.2401960790157318, 0.47843137383461, 0.6313725709915161, 0.70686274766922, 0.7411764860153198]}, "Full training": {"loss": [0.35435760021209717, 0.22887437045574188, 0.19822828471660614, 0.1865847408771515, 0.16263169050216675, 0.1268899142742157, 0.12261536717414856, 0.09791623800992966, 0.10655449330806732, 0.09456722438335419], "accuracy": [0.9078431129455566, 0.9529411792755127, 0.9588235020637512, 0.9617646932601929, 0.9617646932601929, 0.979411780834198, 0.9745097756385803, 0.9872549176216125, 0.9803921580314636, 0.979411780834198], "val_loss": [0.8336238861083984, 0.7875461578369141, 0.775876522064209, 0.7532953023910522, 0.7642788887023926, 0.745814323425293, 0.7509750127792358, 0.7294304370880127, 0.7175840735435486, 0.7426266670227051], "val_accuracy": [0.7745097875595093, 0.79313725233078, 0.7852941155433655, 0.7970588207244873, 0.7960784435272217, 0.7990196347236633, 0.7941176295280457, 0.8058823347091675, 0.8088235259056091, 0.800000011920929]}}