{"Top Layer training": {"loss": [6.514808177947998, 2.9909355640411377, 1.56752610206604, 0.9693650603294373, 0.6348288655281067], "accuracy": [0.05686274543404579, 0.30882352590560913, 0.5960784554481506, 0.7333333492279053, 0.8362745046615601], "val_loss": [3.9930148124694824, 2.3111255168914795, 1.6183772087097168, 1.3072075843811035, 1.1405125856399536], "val_accuracy": [0.1872549057006836, 0.4588235318660736, 0.5901960730552673, 0.679411768913269, 0.7176470756530762]}, "Full training": {"loss": [0.39412933588027954, 0.29350030422210693, 0.2594926655292511, 0.2129085510969162, 0.18668287992477417, 0.20338086783885956, 0.1806790828704834, 0.16603264212608337, 0.14041996002197266, 0.14402751624584198], "accuracy": [0.9049019813537598, 0.9245098233222961, 0.9401960968971252, 0.9450980424880981, 0.9529411792755127, 0.9421568512916565, 0.9529411792755127, 0.95686274766922, 0.9607843160629272, 0.9656862616539001], "val_loss": [1.1150755882263184, 1.0581587553024292, 1.0382286310195923, 1.0015863180160522, 0.96673983335495, 0.9758270978927612, 0.9635128378868103, 0.9425691962242126, 0.9588673710823059, 0.9345079064369202], "val_accuracy": [0.7284313440322876, 0.7450980544090271, 0.7460784316062927, 0.7588235139846802, 0.7666666507720947, 0.7666666507720947, 0.7666666507720947, 0.7735294103622437, 0.7666666507720947, 0.7745097875595093]}}