{"Top Layer training": {"loss": [5.690766334533691, 1.5099648237228394, 0.7454401254653931, 0.40491023659706116, 0.26554688811302185], "accuracy": [0.11862745136022568, 0.6068627238273621, 0.7941176295280457, 0.8921568393707275, 0.9382352828979492], "val_loss": [2.488757371902466, 1.4315749406814575, 1.0486178398132324, 0.8916906714439392, 0.7910101413726807], "val_accuracy": [0.3960784375667572, 0.6274510025978088, 0.727450966835022, 0.7666666507720947, 0.7833333611488342]}, "Full training": {"loss": [0.15598884224891663, 0.06194019690155983, 0.06037285923957825, 0.03946569561958313, 0.021330025047063828, 0.028477434068918228, 0.021026108413934708, 0.016331389546394348, 0.014693232253193855, 0.012651655822992325], "accuracy": [0.954901933670044, 0.979411780834198, 0.9784313440322876, 0.9892156720161438, 0.9960784316062927, 0.9921568632125854, 0.9941176176071167, 0.9970588088035583, 0.9950980544090271, 0.9970588088035583], "val_loss": [0.7872801423072815, 0.7535694241523743, 0.641689658164978, 0.6833244562149048, 0.7308536171913147, 0.7574487328529358, 0.7237419486045837, 0.7244192957878113, 0.7947932481765747, 0.7628161311149597], "val_accuracy": [0.8166666626930237, 0.8284313678741455, 0.8372548818588257, 0.8450980186462402, 0.8294117450714111, 0.8401960730552673, 0.8372548818588257, 0.843137264251709, 0.8294117450714111, 0.8441176414489746]}}