{"Top Layer training": {"loss": [5.400844573974609, 1.556115746498108, 0.7112577557563782, 0.40501177310943604, 0.26324644684791565], "accuracy": [0.10784313827753067, 0.5882353186607361, 0.8176470398902893, 0.8970588445663452, 0.9411764740943909], "val_loss": [2.618577480316162, 1.314601182937622, 0.9878216981887817, 0.8599132299423218, 0.8267189860343933], "val_accuracy": [0.38235294818878174, 0.658823549747467, 0.7372549176216125, 0.7764706015586853, 0.7872549295425415]}, "Full training": {"loss": [0.12093516439199448, 0.06187531724572182, 0.045165013521909714, 0.028805753216147423, 0.023965535685420036, 0.021037552505731583, 0.02038768120110035, 0.017715642228722572, 0.013406400568783283, 0.00839995127171278], "accuracy": [0.9696078300476074, 0.9833333492279053, 0.9892156720161438, 0.9960784316062927, 0.9941176176071167, 0.9960784316062927, 0.9941176176071167, 0.9970588088035583, 0.998039186000824, 1.0], "val_loss": [0.7230656743049622, 0.6741756796836853, 0.651107668876648, 0.7586696743965149, 0.7348250150680542, 0.757900059223175, 0.7283029556274414, 0.6805126667022705, 0.8125632405281067, 0.7351509928703308], "val_accuracy": [0.822549045085907, 0.8235294222831726, 0.8294117450714111, 0.8254901766777039, 0.8245097994804382, 0.8254901766777039, 0.8362745046615601, 0.841176450252533, 0.8235294222831726, 0.8343137502670288]}}