{"transformers": {"loss": [5.008397102355957, 4.168477535247803, 3.3795807361602783, 2.6372311115264893, 1.974609375, 1.3692981004714966, 0.9697495698928833, 0.6689278483390808, 0.4631655812263489, 0.33897271752357483, 0.25497713685035706, 0.2029496282339096, 0.15911954641342163, 0.12841331958770752, 0.10825398564338684], "accuracy": [0.014705882407724857, 0.08627451211214066, 0.29411765933036804, 0.5401960611343384, 0.7401960492134094, 0.886274516582489, 0.9490196108818054, 0.9862744808197021, 0.9921568632125854, 0.9970588088035583, 0.9990196228027344, 0.9990196228027344, 1.0, 1.0, 1.0], "val_loss": [4.5865864753723145, 3.9313395023345947, 3.3176345825195312, 2.7310245037078857, 2.212890386581421, 1.7986693382263184, 1.4758538007736206, 1.2457343339920044, 1.0797003507614136, 0.9559621214866638, 0.8621135354042053, 0.7889496088027954, 0.7349480390548706, 0.6905056834220886, 0.6499083042144775], "val_accuracy": [0.053921569138765335, 0.1460784375667572, 0.3166666626930237, 0.4745098054409027, 0.6264705657958984, 0.7431372404098511, 0.8029412031173706, 0.8480392098426819, 0.8676470518112183, 0.8882352709770203, 0.9019607901573181, 0.908823549747467, 0.9147058725357056, 0.9176470637321472, 0.9225490093231201]}}