{"Top Layer training": {"loss": [21.259902954101562, 13.134367942810059, 8.74500560760498, 5.886231899261475, 4.187530994415283], "accuracy": [0.01568627543747425, 0.07156863063573837, 0.16470588743686676, 0.3029411733150482, 0.39901959896087646], "val_loss": [16.084253311157227, 11.04446792602539, 7.9948039054870605, 6.048552989959717, 4.988840579986572], "val_accuracy": [0.04313725605607033, 0.12156862765550613, 0.2029411792755127, 0.3127450942993164, 0.39901959896087646]}, "Full training": {"loss": [2.992105484008789, 1.871505618095398, 1.537384033203125, 1.191297173500061, 0.9237325191497803, 0.8370764851570129, 0.6233148574829102, 0.5158864855766296, 0.4091508090496063, 0.4130702316761017], "accuracy": [0.4264705777168274, 0.5254902243614197, 0.5941176414489746, 0.6843137145042419, 0.7264705896377563, 0.7686274647712708, 0.8117647171020508, 0.8549019694328308, 0.886274516582489, 0.8911764621734619], "val_loss": [2.964848041534424, 2.6610701084136963, 2.366300344467163, 2.346095561981201, 2.256148099899292, 2.0938620567321777, 2.140857458114624, 2.1094110012054443, 2.048875570297241, 2.0489628314971924], "val_accuracy": [0.3843137323856354, 0.4637254774570465, 0.4745098054409027, 0.520588219165802, 0.54313725233078, 0.5656862854957581, 0.5833333134651184, 0.6068627238273621, 0.6019607782363892, 0.6039215922355652]}}