{"Top Layer training": {"loss": [4.203244209289551, 2.1130242347717285, 1.3380762338638306, 0.9803272485733032, 0.7315126657485962], "accuracy": [0.12254901975393295, 0.5617647171020508, 0.7637255191802979, 0.8303921818733215, 0.8960784077644348], "val_loss": [2.7449328899383545, 1.8903515338897705, 1.5293700695037842, 1.3313918113708496, 1.2182600498199463], "val_accuracy": [0.4019607901573181, 0.5990195870399475, 0.656862735748291, 0.6921568512916565, 0.7098039388656616]}, "Full training": {"loss": [0.36631056666374207, 0.18510647118091583, 0.13491123914718628, 0.10526074469089508, 0.06807846575975418, 0.047128867357969284, 0.03729420155286789, 0.03341688960790634, 0.023516425862908363, 0.024128921329975128], "accuracy": [0.9401960968971252, 0.9588235020637512, 0.9715686440467834, 0.9745097756385803, 0.9901960492134094, 0.9892156720161438, 0.9970588088035583, 0.9941176176071167, 0.998039186000824, 0.9960784316062927], "val_loss": [0.9732911586761475, 0.9542850852012634, 0.9054645299911499, 0.8840203881263733, 0.8921994566917419, 0.8846538662910461, 0.9131821393966675, 0.9248129725456238, 0.9279882311820984, 0.9007501006126404], "val_accuracy": [0.729411780834198, 0.7509803771972656, 0.7637255191802979, 0.7715686559677124, 0.772549033164978, 0.7784313559532166, 0.7911764979362488, 0.7911764979362488, 0.7803921699523926, 0.7892156839370728]}}